{
  "project_info": {
    "project_number": "240722488305",
    "firebase_url": "https://farmai-e2dc4-default-rtdb.firebaseio.com",
    "project_id": "farmai-e2dc4",
    "storage_bucket": "farmai-e2dc4.appspot.com"
  },
  "client": [
    {
      "client_info": {
        "mobilesdk_app_id": "1:240722488305:android:eb36a40f248471ae3ab250",
        "android_client_info": {
          "package_name": "com.example.farmai"
        }
      },
      "oauth_client": [
        {
          "client_id": "240722488305-bafgbsb83k4r26ap5doio2fk3mq75508.apps.googleusercontent.com",
          "client_type": 3
        }
      ],
      "api_key": [
        {
          "current_key": "AIzaSyAf87YS5R7-bJg9HxGDtY-i5bHpOza4k2M"
        }
      ],
      "services": {
        "appinvite_service": {
          "other_platform_oauth_client": [
            {
              "client_id": "240722488305-bafgbsb83k4r26ap5doio2fk3mq75508.apps.googleusercontent.com",
              "client_type": 3
            }
          ]
        }
      }
    },
    {
      "client_info": {
        "mobilesdk_app_id": "1:240722488305:android:1905611c857e16063ab250",
        "android_client_info": {
          "package_name": "com.example.farmersspot"
        }
      },
      "oauth_client": [
        {
          "client_id": "240722488305-bafgbsb83k4r26ap5doio2fk3mq75508.apps.googleusercontent.com",
          "client_type": 3
        }
      ],
      "api_key": [
        {
          "current_key": "AIzaSyAf87YS5R7-bJg9HxGDtY-i5bHpOza4k2M"
        }
      ],
      "services": {
        "appinvite_service": {
          "other_platform_oauth_client": [
            {
              "client_id": "240722488305-bafgbsb83k4r26ap5doio2fk3mq75508.apps.googleusercontent.com",
              "client_type": 3
            }
          ]
        }
      }
    }
  ],
  "configuration_version": "1"
}